{
  "Percent-Of": 1,
  "Finding-Percents": 2,
  "Pythagorean-theorem": 3,
  "Algebraic-Manipulation": 4,
  "Adding-Decimals": 5,
  "Properties-of-Geometric-Figures": 6,
  "Area": 7,
  "Unit-Conversion": 8,
  "Rate": 9,
  "Meaning-of-PI": 10,
  "Pattern-Finding": 11,
  "Conversion-of-fractions-decimals-percents": 12,
  "Integers": 13,
  "Fractions": 14,
  "Reading-graph": 15,
  "Proportion": 16,
  "Interpreting-Numberline": 17,
  "Probability": 18,
  "Circle-Graph": 19,
  "Simple-Calculation": 20,
  "Evaluating-Functions": 21,
  "Making-Sense-of-Expressions-and-Equations": 22,
  "Inducing-Functions": 23,
  "Equation-Concept": 24,
  "Equivalent-Fractions-Decimals-Percents": 25,
  "Of-Means-Multiply": 26,
  "Fraction-Multiplication": 27,
  "Mean": 28,
  "Equation-Solving": 29,
  "Substitution": 30,
  "Venn-Diagram": 31,
  "Least-Common-Multiple": 32,
  "Isosceles-Triangle": 33,
  "Interpreting-Linear-Equations": 34,
  "Divide-Decimals": 35,
  "Symbolization-Articulation": 36,
  "Graph-Shape": 37,
  "Square-Root": 38,
  "Point-Plotting": 39,
  "Rate-with-Distance-and-Time": 40,
  "Understanding_Line_Slope_Intercept": 41,
  "Scientific-Notation": 42,
  "Area-of-Circle": 43,
  "Transformations/Rotations": 44,
  "Order-of-Operations": 45,
  "Perimeter": 46,
  "Supplementary-Angles": 47,
  "Transversals": 48,
  "Exponents": 49,
  "Multiplying-Decimals": 50,
  "Reduce-Fraction": 51,
  "Triangle-Inequality": 52,
  "Combinatorics": 53,
  "Circumference": 54,
  "Discount": 55,
  "Comparing-Fractions": 56,
  "Congruence": 57,
  "Knowing_English_and_Metric_Terms": 58,
  "Median": 59,
  "Ordering-Numbers": 60,
  "Linear-Area-Volume-Conversion": 61,
  "Compounding_Interest": 62,
  "Rounding": 63,
  "Measurement": 64,
  "Fraction-Division": 65,
  "Prime-Number": 66,
  "Multiplication": 67,
  "Subtracting-Decimals": 68,
  "Fraction-Decimals-Percents": 69,
  "Percents": 70,
  "Subtraction": 71,
  "Sum-Of-Interior-Angles-more-than-3-Sides": 72,
  "Properties-of-Solids": 73,
  "Reciprocal": 74,
  "Division": 75,
  "Increasing_Percent_(Sales_Tax)": 76,
  "Qualitative-Graph-Interpretation": 77,
  "Equilateral-Triangle": 78,
  "unit_conversion": 79,
  "inducing_functions": 80,
  "of_means_multiply": 81,
  "proportion": 82,
  "properties_of_geometric_figures": 83,
  "reduce_fraction": 84,
  "perimeter": 85,
  "percents": 86,
  "ordering_fractions": 87,
  "transversals": 88,
  "subtraction": 89,
  "pattern_finding": 90,
  "symbolization_articulation": 91,
  "N.1.8-understanding-number-representations": 92,
  "P.2.8-evaluating-algebraic-expressions": 93,
  "N.10.8-estimating-and-computing-various-numbers": 94,
  "G.7.8-identifying-3d-figures": 95,
  "M.1.8-using-appropriate-units-of-measurement": 96,
  "M.3.8-using-measurement-formulas-and-techniques": 97,
  "N.3.8-using-ratios-and-proportions": 98,
  "P.1.8-understanding-patterns": 99,
  "D.2.8-understanding-data-presentation-techniques": 100,
  "D.4.8-understanding-concept-of-probabilities": 101,
  "P.7.8-setting-up-and-solving-equations": 102,
  "D.3.8-understanding-data-representation-techniques": 103,
  "P.5.8-understanding-lineslope-concept": 104,
  "P.4.8-creating-and-using-symbolic-expressions": 105,
  "G.6.8-understanding-plane-translations": 106,
  "N.8.8-applying-properties-of-operators": 107,
  "N.12.8-using-appropriate-operations-with-rational-numbers": 108,
  "G.1.8-understading-polygon-geometry": 109,
  "N.11.8-using-estimates-over-exacts": 110,
  "G.2.8-understanding-and-applying-congruence-and-similarity": 111,
  "G.4.8-understanding-and-applying-pythagorean-theorem": 112,
  "P.8.8-understanding-covariation": 113,
  "N.4.8-representing-numbers-in-scientific-notations": 114,
  "N.2.8-using-common-irrational-numbers": 115,
  "N.7.8-applying-concept-of-powers-and-roots": 116,
  "N.5.8-applying-number-theory": 117,
  "G.3.8-understanding-line-intersection-angle-formation": 118,
  "N.9.8-using-inverse-operations": 119,
  "P.3.8-understanding-variable-identity": 120,
  "M.2.8-converting-from-one-measure-to-another": 121,
  "P.6.8-understanding-variable-roles": 122,
  "N-Number-Sense-Operations": 123,
  "P-Patterns-Relations-Algebra": 124,
  "G-Geometry": 125,
  "M-Measurement": 126,
  "D-Data-Analysis-Statistics-Probability": 127
}
